mfcc_18,mfcc_19,mfcc_20,mfcc_21,mfcc_22,mfcc_3,mfcc_2,mfcc_25,mfcc_47,mfcc_11,user
-0.37461653,-2.0160728,-0.7728078,-0.41746792,0.8929859,34.8881,76.94009,-2.6406386,-0.012637561,-1.5652514,oguzhan
3.5756977,0.3100149,1.030066,1.2810632,2.6135492,11.858722,52.203064,-0.9762613,0.280506,-1.4719629,oguzhan
-0.17774776,2.729446,2.9546947,3.5994666,2.777225,1.5937424,124.19809,5.0495977,0.66471,-13.969112,oguzhan
3.631499,2.0767698,2.3275778,2.50483,2.3991518,7.208389,18.817606,0.8919326,0.96595865,0.8405394,oguzhan
-0.2742445,-1.00832,-3.180794,-2.9371817,-1.4087832,41.980053,94.388725,-0.06965025,-1.9087464,-7.5523767,recording
3.210319,1.5924388,1.5085698,0.7787708,3.3913815,10.669306,43.547287,0.86850286,2.0499089,-1.8921934,recording
