mfcc_5,mfcc_9,mfcc_19,mfcc_21,mfcc_32,mfcc_42,mfcc_44,mfcc_46,mfcc_48,mfcc_50,user
4.511762,-7.4864035,0.44170964,0.45317578,-0.25982308,-0.5446198,-0.3498767,0.8057634,0.18322167,0.7264701,oguzhan
9.952614,-3.9916234,0.757084,1.598573,0.036543705,0.41204742,-0.0139557915,0.7245318,0.18365343,-0.47442433,oguzhan
9.749902,-8.359204,-0.7443511,0.4153938,-0.27820355,-0.56237817,-1.3011591,-0.032216925,0.24735661,0.10881669,oguzhan
13.890929,-0.12204689,-0.4893498,1.1724539,0.95564103,0.5494017,0.90774757,1.5307958,1.1193329,1.9207072,oguzhan
10.671927,-7.944391,0.73571074,1.3042598,-1.1558124,0.8956345,0.17077827,0.46072146,-0.12942426,-0.17113946,oguz
14.276657,-8.105174,2.5693927,2.5380886,-1.0891235,0.8831463,0.08899656,-0.27169275,0.0002523906,-0.5640722,oguz
